Disease_name,Symptoms,Treatments
Breast Cancer,Fatigue|Insomnia|Anxious mood|Depressed mood|Pain,Radiation Therapy|Mastectomy|Lumpectomy|Chemotherapy|Tamoxifen|Anastrozole|Hydrocodone-Acetaminophen|Breast Reconstruction|Gabapentin|Cyclophosphamide
Lung Cancer,Shortness of breath (dyspnea)|Fatigue|Chest pain|Wheezing|Generalized weakness (asthenia)|Anxious mood|Cough|Decreased appetite|Pain|Depressed mood|Insomnia,Chemotherapy|Radiation Therapy|Lung lobectomy|Erlotinib|Crizotinib|Pemetrexed|Pneumonectomy|Carboplatin|Pregabalin|Afatinib
Liver Cancer,Anxious mood|Insomnia|Fatigue|Depressed mood|Pain,Chemoembolization|Amitriptyline|CT Angiography with contrast|Duloxetine|Fentanyl Transdermal Patch|Hydromorphone|Myrin P-Forte|Radiofrequency ablation|Sorafenib
Testicular Cancer,Anxious mood|Insomnia|Fatigue|Depressed mood|Pain,Alprazolam|BEP protocol|Bilateral Orchiectomy|Chemotherapy|Desvenlafaxine|Diazepam|Dormonoct|Duloxetine|Escitalopram|Etifoxine
Prostate Cancer,Fatigue|Pain|Insomnia|Anxious mood|Depressed mood,Prostatectomy|Radiation Therapy|Leuprolide (Leuprorelin)|Bicalutamide|Hormone Therapy for Prostate Cancer (androgen deprivation therapy)|Chemotherapy|Citalopram|Fluoxetine|Tramadol|Alprazolam
Pancreatic Cancer,Anxious mood|Insomnia|Fatigue|Depressed mood|Pain,Buprenorphine-Naloxone|Chemotherapy|Digestive Enzymes|Everolimus|Fluorouracil|Gemcitabine|Greens Superfoods|Irinotecan|Oxaliplatin|Oxycodone-acetaminophen
CLL (Chronic Lymphocytic Leukemia),Fatigue|Depressed mood|Pain|Anxious mood|Insomnia,Rituximab|Cyclophosphamide|Bendamustine|Fludarabine|Ibrutinib|Alemtuzumab|Buspirone|Chemotherapy|Citalopram|Curcumin
Non-Hodgkin's Lymphoma,Anxious mood|Insomnia|Fatigue|Depressed mood|Pain,R-CHOP protocol|Chemotherapy|Rituximab|Radiation Therapy|Amitriptyline|Bendamustine|Bone Marrow Biopsy|Diclofenac|Doxepin|Duloxetine
Thyroid Cancer,Insomnia|Fatigue|Pain|Anxious mood|Depressed mood,Levothyroxine|Radioactive iodine (I-131)|Thyroidectomy|Clonazepam|Hydrocodone-Acetaminophen|Diclofenac|Gabapentin|Hydrocodone|Oxycodone-acetaminophen|Pregabalin
Tay-Sachs disease,Anxious mood|Insomnia|Fatigue|Depressed mood|Pain,No Treatment specified
ASD (Autism Spectrum Disorder),Fatigue|Anxious mood|Depressed mood|Insomnia|Lack of social skills|Impaired communication skills|Repetitive behavior|Pain,Occupational Therapy|Gabapentin|Speech / Language Therapy|Applied Behavioral Analysis (ABA)|Aripiprazole|Risperidone|Amitriptyline|Fluoxetine|Lamotrigine|Tramadol
Down Syndrome,Anxious mood|Insomnia|Fatigue|Depressed mood|Pain,"Vaseline Lip Therapy, Cherry"
Crohn's Disease,Mucus in stool|Diarrhea|Vomiting|Insomnia|Bowel urgency|Fatigue|Blood in stool|Abdominal pain|Decreased appetite|Depressed mood|Anxious mood|Pain,Adalimumab|Mesalamine|Infliximab|Budesonide|Azathioprine|Prednisone|Sulfasalazine|Tramadol|Methotrexate|Certolizumab
IBS (Irritable Bowel Syndrome),Fatigue|Constipation|Abdominal bloating|Abdominal cramps|Insomnia|Diarrhea|Depressed mood|Anxious mood|Pain,Amitriptyline|Tramadol|Dicyclomine|Gabapentin|Duloxetine|Hydrocodone-Acetaminophen|Loperamide|Clonazepam|Trazodone|Alprazolam
Ulcerative colitis,Mucus in stool|Insomnia|Bowel urgency|Fatigue|Diarrhea|Blood in stool|Abdominal pain|Anxious mood|Depressed mood|Pain,Mesalamine|Prednisolone|Infliximab|Prednisone|Azathioprine|Adalimumab|Budesonide|Sulfasalazine|Probiotics|Hydrocodone-Acetaminophen
Diabetes Type 1,Depressed mood|Frequent urination|Fatigue|Excessive thirst (polydipsia)|Anxious mood|Insomnia|Pain|Blurry vision,Insulin Glargine|Insulin Aspart|Insulin Lispro|insulin detemir|Insulin Regular|Insulin Glulisine|Citalopram|Insulin pump|Metformin|Clonazepam
Diabetes Type 2,Pain|Fatigue|Depressed mood|Insomnia|Frequent urination|Excessive thirst (polydipsia)|Blurry vision|Anxious mood,Metformin|Insulin Glargine|sitagliptin|Glimepiride|Glipizide|Liraglutide|Insulin Aspart|Tramadol|Gabapentin|Gliclazide
Hypothyroidism,Fatigue|Pain|Insomnia|Lethargy|Depressed mood|Cold intolerance|Anxious mood|Dry skin,Levothyroxine|Tramadol|Gabapentin|Clonazepam|Thyroid dessicated|Amitriptyline|Hydrocodone-Acetaminophen|Liothyronine (T3)|Trazodone|Duloxetine
Hyperthyroidism,Sweating excessive|Heat intolerance|Fatigue|Palpitations|Insomnia|Depressed mood|Pain|Anxious mood,Methimazole|Amitriptyline|Gabapentin|Propranolol|Carbimazole|Tramadol|Clonazepam|Duloxetine|Pregabalin|Quetiapine
Hearing Loss,Anxious mood|Fatigue|Pain|Insomnia|Depressed mood,Hearing Aids|Gabapentin|Amitriptyline|Codeine-acetaminophen (paracetamol)|Tramadol|Lorazepam|Neuromuscular Electrical Stimulation|Quetiapine|Acetaminophen (Paracetamol)|Clonazepam
Glaucoma,Insomnia|Fatigue|Depressed mood|Anxious mood|Pain,Latanoprost ophthalmic|Duloxetine|Tramadol|Ibuprofen|Sertraline|Hydrocodone-Acetaminophen|Timolol|Lorazepam|Lumigan|Oxycodone
Macular Degeneration,Fatigue|Insomnia|Pain|Anxious mood|Depressed mood,Bevacizumab|AREDS 2|Pregabalin|Vitamin A|Vitamin C (ascorbic acid)|Vitamin E|Aflibercept|Alprazolam|Amitriptyline|AREDS Eye Vitamins
Coronary Artery Disease,Insomnia|Depressed mood|Pain|Anxious mood|Fatigue,Aspirin|Coronary angioplasty|CABG (Coronary artery bypass graft)|Clonazepam|Gabapentin|Hydrocodone-Acetaminophen|Coronary artery stent|Buspirone|Citalopram|Duloxetine
Hypertension,Fatigue|Pain|Insomnia|Depressed mood|Anxious mood,Lisinopril|Amlodipine|Hydrochlorothiazide HCTZ|Metoprolol|Tramadol|Hydrocodone-Acetaminophen|Amitriptyline|Gabapentin|Losartan|Duloxetine
Iron Deficiency Anemia,Fatigue|Insomnia|Depressed mood|Anxious mood|Pain,Ferrous sulfate|Vitamin C (ascorbic acid)|Tramadol|Clonazepam|Duloxetine|Hydrocodone-Acetaminophen|Ferrous Fumarate|Gabapentin|Amitriptyline|Ibuprofen
Raynaud's Disease,Fatigue|Insomnia|Depressed mood|Pain|Anxious mood,Nifedipine|Tramadol|Amlodipine|Amitriptyline|Hydrocodone-Acetaminophen|Gabapentin|Pregabalin|Duloxetine|Clonazepam|Oxycodone
CHF (Congestive heart failure),Insomnia|Fatigue|Pain|Anxious mood|Depressed mood,Furosemide|Carvedilol|Lisinopril|Hydralazine|Duloxetine|Clonazepam|Amitriptyline|Isosorbide Dinitrate|Lorazepam|Ramipril
Cardiomyopathy,Edema (fluid retention)|Insomnia|Fatigue|Anxious mood|Chest pain|Pain|Shortness of breath (dyspnea)|Depressed mood,Metoprolol|Amitriptyline|Carvedilol|Clonazepam|Alprazolam|Diclofenac|Duloxetine|Furosemide|Gabapentin|Hydrocodone
Aplastic Anemia,Anxious mood|Insomnia|Fatigue|Depressed mood|Pain,"Cyclosporine|Lymphocyte immune globulin, anti-thymocyte|Methylprednisolone|Tacrolimus"
Rheumatoid Arthritis (RA),Stiffness in morning|Joint pain|Fatigue|Pain|Insomnia|Depressed mood|Anxious mood,Methotrexate|Hydroxychloroquine|Sulfasalazine|Prednisone|Adalimumab|Leflunomide|Etanercept|Tramadol|Hydrocodone-Acetaminophen|Abatacept
Systemic Lupus Erythematosus,Joint swelling|Chest pain|Muscle pain|Skin sensitivity to sun (Photosensitivity)|Hair loss|Muscle weakness|Brain fog|Joint pain|Fatigue|Pain|Insomnia|Depressed mood|Anxious mood|Butterfly (malar) rash,Hydroxychloroquine|Prednisone|Naproxen OTC|Methotrexate|Belimumab|Tramadol|Mycophenolate mofetil|Azathioprine|Duloxetine|Hydrocodone-Acetaminophen
HIV (Human Immunodeficiency Virus),Diarrhea|Anxious mood|Night sweats|Insomnia|Decreased appetite|Pain|Depressed mood|Swollen glands|Fever/chills|Fatigue|Rash or skin problems,Efavirenz-Emtricitabine-Tenofovir|Emtricitabine-Tenofovir|Ritonavir|Stribild|Raltegravir|Rilpivirine-Tenofovir-Emtricitabine|Efavirenz|Abacavir-lamivudine|Darunavir|Tenofovir
Lyme Disease,Anxious mood|Fatigue|Depressed mood|Insomnia|Pain,Doxycycline|Azithromycin|Clonazepam|Metronidazole|Ceftriaxone|Duloxetine|Alprazolam|Hydrocodone-Acetaminophen|Banderol|Cyclobenzaprine
Polycystic Kidney Disease,Anxious mood|Insomnia|Fatigue|Depressed mood|Pain,Duloxetine|Ibuprofen|Nephrectomy|Tolvaptan|Acupuncture|Amphetamine-Dextroamphetamine|Buspirone|Cannabidiol|Cannabis|Carpal Tunnel Surgery
Chronic Kidney Disease,Anxious mood|Insomnia|Fatigue|Depressed mood|Pain,Tramadol|Lisinopril|Clonazepam|Alprazolam|Gabapentin|Hydrocodone-Acetaminophen|Trazodone|Lorazepam|Pregabalin|Acetaminophen (Paracetamol)
Interstitial Cystitis,Frequent urination|Urinary urgency|Insomnia|Fatigue|Pelvic pain|Pain|Depressed mood|Anxious mood,Pentosan polysulfate sodium|Amitriptyline|Hydroxyzine|Tramadol|Duloxetine|Gabapentin|Hydrocodone-Acetaminophen|Oxycodone-acetaminophen|Alprazolam|Citalopram
Hepatitis C,Pain|Insomnia|Fatigue|Depressed mood|Anxious mood,Ribavirin|Ledipasvir-sofosbuvir|Peginterferon alfa-2b|Sofosbuvir|Oxycodone|Peginterferon alfa 2a|Amitriptyline|Hydrocodone-Acetaminophen|Lorazepam|Telaprevir
Pancreatitis,Fatigue|Insomnia|Anxious mood|Depressed mood|Pain,Pancrelipase|Omeprazole|Tramadol|Hydrocodone-Acetaminophen|Oxycodone|Pregabalin|Alprazolam|Clonazepam|Duloxetine|Fluoxetine
Polycystic Liver Disease,Anxious mood|Insomnia|Fatigue|Depressed mood|Pain,Citalopram|Gold Sodium Thiomalate
Pulmonary fibrosis,Depressed mood|Pain|Insomnia|Fatigue|Anxious mood|Shortness of breath (dyspnea)|Cough|Shortness of breath with exertion|Memory and cognition problems,Oxygen Therapy|Pirfenidone|N-Acetylcysteine NAC|Nintedanib|Pulmonary Rehabilitation|Prednisone|Azathioprine|Lung Biopsy|Mycophenolate mofetil|Prednisolone
Asthma,Shortness of breath (dyspnea)|Chest tightness|Fatigue|Cough|Wheezing|Pain|Insomnia|Anxious mood|Depressed mood,Albuterol|Prednisone|Fluticasone|Tramadol|Amitriptyline|Clonazepam|Duloxetine|Budesonide|Gabapentin|Hydrocodone-Acetaminophen
COPD (Chronic Obstructive Pulmonary Disease),Shortness of breath (dyspnea)|Pain|Fatigue|Wheezing|Insomnia|Depressed mood|Phlegm|Cough|Anxious mood,Albuterol|Tiotropium inhaler|Oxygen Therapy|Prednisone|Fluticasone-Salmeterol|Budesonide-Formoterol|Tramadol|Ipratropium|Budesonide|Duloxetine
Cystic Fibrosis,Fatigue|Pain|Anxious mood|Insomnia|Depressed mood,Azithromycin|Albuterol|Dornase alfa|Aztreonam|Pancrelipase|Tobramycin|Fluticasone|Budesonide|Ivacaftor|Hypertonic Saline
Emphysema,Anxious mood|Insomnia|Fatigue|Depressed mood|Pain|Shortness of breath (dyspnea)|Wheezing|Cough,Oxygen Therapy|Tiotropium inhaler|Albuterol|Prednisone|Budesonide|Budesonide-Formoterol|Fluticasone-Salmeterol|Mirtazapine|Morphine|Amoxicillin
Pulmonary Hypertension,Chest pain|Lightheadedness|Pain|Insomnia|Shortness of breath (dyspnea)|Fatigue|Depressed mood|Anxious mood,Oxygen Therapy|Diltiazem|Nifedipine|Sildenafil|Ambrisentan|Tramadol|Gabapentin|Morphine|Treprostinil|Duloxetine
Male Infertility,Anxious mood|Insomnia|Fatigue|Depressed mood|Pain,Clomiphene|Online Support Groups
Erectile Dysfunction,Fatigue|Depressed mood|Pain|Anxious mood|Insomnia,Sildenafil|Tadalafil|Gabapentin|Escitalopram|Tramadol|Acetaminophen (Paracetamol)|Duloxetine|Alprostadil|Bupropion|Citalopram
BPH (Benign prostatic hyperplasia),Insomnia|Fatigue|Anxious mood|Depressed mood|Pain,Tamsulosin|Finasteride|Amitriptyline|Gabapentin|Meloxicam|Pregabalin|Tadalafil|Transurethral resection of the prostate (TURP)|Acetaminophen (Paracetamol)|Alprazolam
Major Depressive Disorder,Problems concentrating|Lack of motivation|Fatigue|Depressed mood|Muscle tension|Low self esteem|Headaches|Inability to experience pleasure (anhedonia)|Insomnia|Anxious mood|Nausea|Pain|Back pain|Dizziness|Stomach pain|Hyperventilation,Bupropion|Duloxetine|Sertraline|Individual Therapy|Venlafaxine|Fluoxetine|Citalopram|Escitalopram|Clonazepam|Trazodone
Bipolar I Disorder,Anxious mood|Irritability|Excitability|Depressed mood|Fatigue|Paranoia|Insomnia|Flight of ideas|Grandiose thinking|Hallucinations|Delusions|Pain,Quetiapine|Lamotrigine|Lithium Carbonate|Individual Therapy|Lurasidone|Clonazepam|Bupropion|Aripiprazole|Trazodone|asenapine
Bipolar II Disorder,Irritability|Fatigue|Depressed mood|Anxious mood|Excitability|Flight of ideas|Grandiose thinking|Insomnia|Pain,Lamotrigine|Quetiapine|Individual Therapy|Lithium Carbonate|Clonazepam|Lurasidone|Aripiprazole|Bupropion|Lorazepam|Sertraline
Social Anxiety Disorder,Depressed mood|Anticipatory anxiety|Avoidance of situations|Fatigue|Insomnia|Anxious mood|Panic attacks|Fear of embarrassment|Pain,Lorazepam|Clonazepam|Individual Therapy|Sertraline|Alprazolam|Paroxetine|Quetiapine|Trazodone|Zolpidem|Gabapentin
ADHD (Attention Deficit/Hyperactivity Disorder),Inattention|Insomnia|Depressed mood|Anxious mood|Fatigue|Impulsive behaviors|Hyperactivity|Pain,Amphetamine-Dextroamphetamine|Methylphenidate|Lisdexamfetamine|Clonazepam|Bupropion|Lorazepam|Zolpidem|Atomoxetine|Gabapentin|Alprazolam
Persistent depressive disorder (dysthymia),Fatigue|Lack of motivation|Low self esteem|Problems concentrating|Insomnia|Inability to experience pleasure (anhedonia)|Depressed mood|Headaches|Stomach pain|Nausea|Muscle tension|Pain|Back pain|Anxious mood|Dizziness|Hyperventilation,Bupropion|Venlafaxine|Duloxetine|Individual Therapy|Sertraline|Clonazepam|Fluoxetine|Citalopram|Escitalopram|Trazodone
Generalized Anxiety Disorder,Problems concentrating|Fatigue|Depressed mood|Restlessness|Persistent worry|Insomnia|Anxious mood|Pain,Individual Therapy|Duloxetine|Venlafaxine|Clonazepam|Sertraline|Buspirone|Pregabalin|Lorazepam|Gabapentin|Alprazolam
Panic Disorder,Depressed mood|Fatigue|Panic attacks|Pain|Shortness of breath (dyspnea)|Anxious mood|Insomnia|Heart palpitations|Dizziness and feeling faint|Sweating,Clonazepam|Lorazepam|Alprazolam|Sertraline|Trazodone|Tramadol|Gabapentin|Buspirone|Hydrocodone-Acetaminophen|Venlafaxine
Eating Disorder,Depressed mood|Insomnia|Fatigue|Anxious mood|Preoccupation with food|Pain|Purging|Binge eating episodes|Compulsive exercising,Clonazepam|Individual Therapy|Dietitian|Lorazepam|Zolpidem|Trazodone|Quetiapine|Amphetamine-Dextroamphetamine|Buspirone|Fluoxetine
OCD (Obsessive-Compulsive Disorder),Intrusive thoughts images or impulses|Depressed mood|Insomnia|Fatigue|Anxious mood|Pain|Ritual or repeated behaviors,Fluoxetine|Individual Therapy|Clonazepam|Sertraline|Citalopram|Fluvoxamine|Quetiapine|Lorazepam|Trazodone|Escitalopram
Phobic disorder,Pain|Avoidance of situations|Insomnia|Anticipatory anxiety|Fatigue|Anxious mood|Depressed mood|Panic attacks,Alprazolam|Lorazepam|Sertraline|Quetiapine|Clonazepam|Individual Therapy|Naproxen Prescription|Venlafaxine|Duloxetine|Hydrocodone-Acetaminophen
Post-traumatic stress disorder,Intrusive thoughts images or impulses|Hypervigilance|Fatigue|Nightmares|Brain fog|Inability to experience pleasure (anhedonia)|Anger|Insomnia|Anxious mood|Depressed mood|Flashbacks|Startle easily (hyperexplexia)|Pain|Aggression,Individual Therapy|Sertraline|Clonazepam|Prazosin|Citalopram|Fluoxetine|Trazodone|Venlafaxine|Lorazepam|Cognitive Behavioral Therapy (CBT)
Schizophrenia,Insomnia|Auditory hallucinations|Fatigue|Depressed mood|Delusions|Visual hallucinations|Pain|Anxious mood|Disorganized thinking,Aripiprazole|Olanzapine|Risperidone|Clonazepam|Quetiapine|Individual Therapy|Gabapentin|Haloperidol|Hydroxyzine|Fluoxetine
Drug Addiction,Craving drugs|Anxious mood|Insomnia|Ruminating thoughts|Fatigue|Depressed mood|Pain|Guilt related to addiction,Group Therapy|Clonazepam|Trazodone|Quetiapine|Hydroxyzine|Aripiprazole|Individual Therapy|Lorazepam|Narcotics Anonymous (NA)|Fluoxetine
Tobacco Addiction,Fatigue|Depressed mood|Anxious mood|Insomnia|Pain|Ruminating thoughts|Craving nicotine|Guilt related to addiction,Varenicline|Smoking Cessation Therapy|Bupropion|Quetiapine|Pregabalin|Clonazepam|Hydrocodone-Acetaminophen|Tramadol|Lorazepam|Trazodone
Alcohol Addiction,Anxious mood|Fatigue|Depressed mood|Craving alcohol|Insomnia|Ruminating thoughts|Pain|Guilt related to addiction,Alcoholics Anonymous (AA)|Group Therapy|Quetiapine|Aripiprazole|Paroxetine|Sertraline|Bupropion|Lorazepam|Amitriptyline|Clonazepam
High Cholesterol (Hypercholesterolemia),Fatigue|Insomnia|Anxious mood|Depressed mood|Pain,Atorvastatin|Simvastatin|Rosuvastatin|Hydrocodone-Acetaminophen|Pravastatin|Clonazepam|Duloxetine|Alprazolam|Tramadol|Trazodone
Hemochromatosis,Anxious mood|Insomnia|Fatigue|Depressed mood|Pain,Therapeutic Phlebotomy|Amitriptyline|Codeine-acetaminophen (paracetamol)|Melatonin|Tramadol|5-Hydroxytryptophan (5-HTP)|Acupuncture|Amphetamine-Dextroamphetamine|B Complex 100|Celecoxib
Obesity,Fatigue|Anxious mood|Insomnia|Pain|Depressed mood,Diet modification|Physical Exercise|Duloxetine|Tramadol|Clonazepam|Amitriptyline|Gabapentin|Hydrocodone-Acetaminophen|Lorazepam|Cyclobenzaprine
Fibromyalgia,Fatigue|Brain fog|Muscle and joint pain|Headaches|Muscle spasms|Pain in lower back|Insomnia|Pain|Depressed mood|Balance problems|Anxious mood,Duloxetine|Pregabalin|Gabapentin|Tramadol|Amitriptyline|Cyclobenzaprine|Hydrocodone-Acetaminophen|Milnacipran|Tizanidine|Meloxicam
Osteoarthritis,Fatigue|Insomnia|Limited range of motion|Depressed mood|Pain|Joint pain|Joint crackling (crepitus)|Anxious mood,Physical Therapy|Naproxen OTC|Tramadol|Hydrocodone-Acetaminophen|Gabapentin|Amitriptyline|Duloxetine|Diclofenac|Meloxicam|Pregabalin
Osteoporosis,Fatigue|Anxious mood|Pain|Insomnia|Depressed mood,Alendronate|Calcium/Vitamin D|Hydrocodone-Acetaminophen|Gabapentin|Tramadol|Amitriptyline|Duloxetine|Zoledronic acid|Zolpidem|Risedronate
TMJ (Temporomandibular joint) Syndrome,Insomnia|Fatigue|Pain|Anxious mood|Depressed mood,Tramadol|Amitriptyline|Naproxen Prescription|Duloxetine|Gabapentin|Diclofenac|Ibuprofen|Pregabalin|Trazodone|Clonazepam
Muscular Dystrophy,Anxious mood|Insomnia|Fatigue|Depressed mood|Pain,Neuromuscular Electrical Stimulation|Amitriptyline|Amphetamine-Dextroamphetamine|Buspirone|Celecoxib|Citalopram|Hot Spa Tub|Oxycodone ER|Oxymorphone|Paracetamol-dihydrocodeine
ALS (Amyotrophic Lateral Sclerosis),Fatigue|Fasciculations|Pain|Excess saliva|Stiffness/Spasticity|Excessive yawning|Emotional lability|Depressed mood|Constipation|Insomnia|Anxious mood,Riluzole|Baclofen|Dextromethorphan with Quinidine|Coconut oil|Non-invasive Ventilator|Deanna Protocol|ALS Phase 3 Study Dexpramipexole (KNS-760704)|CoQ10 (CoEnzyme Q10)|Feeding Tube|Sodium chlorite
Multiple Sclerosis,Brain fog|Fatigue|Stiffness/Spasticity|Excessive daytime sleepiness (somnolence)|Pain|Mood swings|Depressed mood|Bladder problems|Insomnia|Bowel problems|Emotional lability|Anxious mood|Sexual dysfunction,Glatiramer acetate|Dimethyl fumarate|Fingolimod|Baclofen|Natalizumab|Interferon beta-1a SubQ injection|Dalfampridine|Interferon beta-1a IM Injection|Modafinil|Teriflunomide
Parkinson's Disease,Slowness|Stiffness/Spasticity|Excessive daytime sleepiness (somnolence)|Memory problems|Fatigue|Insomnia|Pain|Depressed mood|Excess saliva|Deteriorating mental ability (dementia)|Constipation|Anxious mood|Sexual dysfunction,Carbidopa-Levodopa|Rasagiline|Amantadine|Pramipexole|Ropinirole|Rotigotine|Carbidopa-Entacapone-Levodopa|Deep Brain Stimulation (DBS)|Entacapone|Selegiline
Epilepsy,Memory problems|Fatigue|Problems concentrating|Excessive daytime sleepiness (somnolence)|Headaches|Pain|Insomnia|Depressed mood|Anxious mood,Levetiracetam|Lamotrigine|Topiramate|Lacosamide|Clonazepam|Carbamazepine|Divalproex sodium|Zonisamide|Oxcarbazepine|Phenytoin
RLS (Restless Legs Syndrome),Fatigue|Depressed mood|Pain|Insomnia|Anxious mood,Ropinirole|Pramipexole|Gabapentin|Clonazepam|Tramadol|Amitriptyline|Duloxetine|Trazodone|Hydrocodone-Acetaminophen|Cyclobenzaprine
Myalgic Encephalomyelitis/Chronic Fatigue Syndrome,Fatigue|Unrefreshing or poor sleep|Muscle pain|Insomnia|Memory problems|Depressed mood|Exhaustion|Anxious mood|Pain|Sore throat|Painful lymph nodes (glands),Pregabalin|Duloxetine|Tramadol|Amitriptyline|Gabapentin|Hydrocodone-Acetaminophen|Clonazepam|Trazodone|Cyclobenzaprine|Zolpidem
MSA (Multiple System Atrophy),Problems concentrating|Anxious mood|Difficulty getting comfortable in bed|Insomnia|Fatigue|Ataxia (lack of coordination)|Slowness|Dry skin|Constipation|Apathy|Depressed mood|Stiffness/Spasticity|Memory problems|Cold hands and feet|Balance problems|Excessive daytime sleepiness (somnolence)|Dizziness with hypotension upon standing|Bladder problems|Pain|Difficulty breathing at night|Emotional lability|Dry mouth|Sexual dysfunction,Carbidopa-Levodopa|Fludrocortisone|Clonazepam|Duloxetine|Amantadine|Polyethylene Glycol 3350|Amitriptyline|Baclofen|Buprenorphine|Carbidopa-Entacapone-Levodopa
Neuromyelitis Optica,Excessive daytime sleepiness (somnolence)|Brain fog|Insomnia|Fatigue|Emotional lability|Bladder problems|Mood swings|Stiffness/Spasticity|Bowel problems|Sexual dysfunction|Depressed mood|Pain|Anxious mood,Rituximab|Baclofen|Azathioprine|Mycophenolate mofetil|Prednisone|Gabapentin|Methylprednisolone|Plasmapheresis|Armodafinil|Carbamazepine
PLS (Primary Lateral Sclerosis),Depressed mood|Stiffness/Spasticity|Fatigue|Anxious mood|Excessive yawning|Emotional lability|Pain|Insomnia|Excess saliva|Constipation|Fasciculations,Baclofen|Riluzole|Tizanidine|Amitriptyline|Dextromethorphan with Quinidine|Diazepam|Physical Therapy|Citalopram|Clonazepam|Deanna Protocol
PSP (Progressive Supranuclear Palsy),Problems concentrating|Balance problems|Excessive daytime sleepiness (somnolence)|Problems opening eyelids|Difficulty getting comfortable in bed|Insomnia|Fatigue|Slowness|Constipation|Depressed mood|Stiffness/Spasticity|Eye movement difficulty|Memory problems|Sexual dysfunction|Emotional lability|Bladder problems|Pain|Apathy|Anxious mood|Alien Hand Syndrome,Carbidopa-Levodopa|Alemtuzumab|Alprazolam|Back Brace|Gabapentin|Lactulose|Ossopan|Pramipexole|Prunes
Corticobasal Degeneration,Anxious mood|Insomnia|Fatigue|Depressed mood|Pain,Carbidopa-Levodopa|Clonazepam|Escitalopram|Sertraline
Stroke,Anxious mood|Fatigue|Insomnia|Depressed mood|Pain,Hydrocodone-Acetaminophen|Alprazolam|Aspirin|Buspirone|Clonazepam|Lorazepam|Tramadol|Acetaminophen (Paracetamol)|Bupropion|Clopidogrel
Migraine,Migraine headaches|Nausea|Fatigue|Light sensitivity (photophobia)|Pain|Insomnia|Depressed mood|Anxious mood,Sumatriptan|Topiramate|Ibuprofen|Amitriptyline|Tramadol|Gabapentin|Naproxen OTC|Hydrocodone-Acetaminophen|Duloxetine|Diclofenac
Psoriasis,"Itching|Depressed mood|Rashes (redness, swelling)|Fatigue|Psoriatic plaques (scaly patches)|Skin pain|Anxious mood|Insomnia|Pain",Methotrexate|Clobetasol topical|Adalimumab|Hydrocortisone topical|Etanercept|Betamethasone-calcipotriene topical|Triamcinolone topical|Ustekinumab|Betamethasone topical|Ultraviolet B (UVB) Light Therapy
Eczema,Insomnia|Fatigue|Depressed mood|Anxious mood|Pain,Hydrocortisone topical|Amitriptyline|Duloxetine|Clonazepam|Clobetasol topical|Tramadol|Gabapentin|Hydrocodone-Acetaminophen|Lorazepam|Naproxen Prescription
Rosacea,Fatigue|Depressed mood|Pain|Anxious mood|Insomnia,Doxycycline|Metronidazole|Sulfacetamide Sodium topical|Amitriptyline|Citalopram|Diclofenac|Sertraline|Tramadol|Acupuncture|Duloxetine
Heart Transplant,Problems concentrating|Insomnia|Fatigue|Palpitations|Depressed mood|Pain|Fluid retention in lower extremities|Shortness of breath (dyspnea)|Persistent cough or wheeze|Anxious mood,Alprazolam|Amitriptyline|Trazodone|Demadex|Digoxin|Duloxetine|Everolimus|Gabapentin|Lorazepam|Losartan
Kidney Transplant,Edema (fluid retention)|Insomnia|Fatigue|Depressed mood|Loss of appetite|Nausea and vomiting|Anxious mood|Itching|Pain,Mycophenolic acid|Furosemide|Tacrolimus|Prednisone|Hydrocodone-Acetaminophen|Venlafaxine|Aripiprazole|Diltiazem|Fluoxetine|Gabapentin
Liver Transplant,Anxious mood|Insomnia|Fatigue|Depressed mood|Drowsiness|Bruising|Jaundice|Ascites|Pain,Oxycodone|Amitriptyline|Duloxetine|Gabapentin|Lorazepam|Trazodone
Lung Transplant,Cough|Anxious mood|Restlessness|Depressed mood|Pain|Fatigue|Confusion|Insomnia|Rapid breathing,Tacrolimus|Azathioprine|Buspirone|Magnesium oxide|Mycophenolate mofetil|Acetaminophen (Paracetamol)|Alendronate|Azithromycin|Bronchoscopy|Bupropion
Pancreas Transplant,Anxious mood|Insomnia|Fatigue|Depressed mood|Indigestion|Abdominal pain|Pain,Buspirone|Mycophenolic acid|Prednisone|Tacrolimus|Venlafaxine
Female Infertility,Insomnia|Fatigue|Pain|Anxious mood|Depressed mood,Clomiphene|Amitriptyline|Duloxetine|Acupuncture|Diazepam|Hydrocodone-Acetaminophen|Ibuprofen|In Vitro Fertilization (IVF)|Multivitamins|Naproxen Prescription
Endometriosis,Fatigue|Anxious mood|Pain|Insomnia|Depressed mood,Ibuprofen|Hysterectomy|Naproxen Prescription|Hydrocodone-Acetaminophen|Tramadol|Amitriptyline|Duloxetine|Pregabalin|Gabapentin|Trazodone
Menopause,Depressed mood|Fatigue|Mood swings|Anxious mood|Insomnia|Pain|Hot flashes|Vaginal dryness|Irregular menstrual periods,Estrogen derivative|Duloxetine|Gabapentin|Clonazepam|Hydrocodone-Acetaminophen|Tramadol|Alprazolam|Estradiol Patch|Pregabalin|Bupropion
PCOS (Polycystic Ovary Syndrome),Anxious mood|Insomnia|Fatigue|Depressed mood|Pain,Metformin|Amitriptyline|Clonazepam|Tramadol|Duloxetine|Medroxyprogesterone Acetate|Spironolactone|Gabapentin|Citalopram|Sertraline
Postpartum Depression,Anxious mood|Insomnia|Fatigue|Pain|Depressed mood|Guilt or self blame|Difficulty bonding with infant|Ambivalent feelings towards infant,Sertraline|Citalopram|Clonazepam|Duloxetine|Propranolol|Aripiprazole|Bupropion|Lorazepam|Quetiapine|Zolpidem
Schizoaffective Disorder,Insomnia|Depressed mood|Anxious mood|Mania|Fatigue|Hallucinations|Delusions|Pain,Aripiprazole|Risperidone|Clonazepam|Quetiapine|Ziprasidone|Olanzapine|Paliperidone|Fluoxetine|Sertraline|Trazodone
Bipolar Disorder,Depressed mood|Anxious mood|Insomnia|Fatigue|Pain,Lamotrigine|Quetiapine|Aripiprazole|Individual Therapy|Lithium Carbonate|Clonazepam|Divalproex sodium|Olanzapine|Trazodone|Sertraline
Chronic Pain Syndrome,Fatigue|Depressed mood|Insomnia|Anxious mood|Pain,Tramadol|Hydrocodone-Acetaminophen|Duloxetine|Gabapentin|Pregabalin|Amitriptyline|Clonazepam|Oxycodone|Oxycodone-acetaminophen|Acetaminophen (Paracetamol)
Spinal Stenosis,Pain|Insomnia|Fatigue|Depressed mood|Anxious mood,Hydrocodone-Acetaminophen|Tramadol|Ibuprofen|Naproxen Prescription|Prednisone|Amitriptyline|Oxycodone-acetaminophen|Pregabalin|Gabapentin|Diclofenac
Vasovagal Syncope,Dizziness|Nausea|Pain|Fatigue|Sweating|Anxious mood|Insomnia|Depressed mood,Amitriptyline|Clonazepam|Hydrocodone-Acetaminophen|Oxycodone|Tramadol|Trazodone|Diclofenac|Gabapentin|Milnacipran|Nortriptyline
Traumatic Brain Injury,Headaches|Irritability|Ringing in ears (tinnitus)|Fatigue|Migraine headaches|Brain fog|Insomnia|Pain|Dizziness|Anxious mood|Depressed mood,Physical Therapy|Citalopram|Tramadol|Clonazepam|Topiramate|Venlafaxine|Zolpidem|Occupational Therapy|Sertraline|Gabapentin
Granulomatosis with Polyangiitis (Wegener's),Anxious mood|Insomnia|Fatigue|Depressed mood|Pain,Methotrexate|Prednisone|Rituximab|Amitriptyline|Azathioprine|Methylprednisolone|Carbocysteine|Cyclophosphamide|Doxycycline|Duloxetine
Avoidant Personality Disorder,Anxious mood|Fatigue|Depressed mood|Insomnia|Pain,Clonazepam|Lorazepam|Sertraline|Citalopram|Duloxetine|Fluoxetine|Hydroxyzine|Individual Therapy|Pregabalin|Psychiatrist (med management)
Borderline Personality Disorder,Depressed mood|Fatigue|Anxious mood|Insomnia|Pain,Dialectical Behavioral Therapy|Aripiprazole|Sertraline|Quetiapine|Lamotrigine|Fluoxetine|Clonazepam|Venlafaxine|Hydroxyzine|Lorazepam
Mild Depression,Fatigue|Depressed mood|Pain|Anxious mood|Insomnia,Fluoxetine|Duloxetine|Citalopram|Sertraline|Amitriptyline|Bupropion|Individual Therapy|Escitalopram|Venlafaxine|Tramadol
Transverse Myelitis,Insomnia|Fatigue|Depressed mood|Pain|Anxious mood,Methylprednisolone|Pregabalin|Tramadol|Amitriptyline|Azathioprine|Gabapentin|Plasmapheresis|Zolpidem|Amantadine|Duloxetine
Cerebral Cavernous Malformation,Anxious mood|Insomnia|Fatigue|Depressed mood|Pain,Calcium/Vitamin D|Cannabis|Chamomile Tea|Venlafaxine|Vitamin D3 (cholecalciferol)
Asperger's Syndrome,Anxious mood|Insomnia|Fatigue|Depressed mood|Pain,Clonazepam|Amitriptyline|Venlafaxine|Naproxen Prescription|Bupropion|Buspirone|Diazepam|Duloxetine|Escitalopram|Gabapentin
PMA (Progressive Muscular Atrophy),Fasciculations|Anxious mood|Insomnia|Excess saliva|Fatigue|Pain|Depressed mood|Stiffness/Spasticity|Excessive yawning|Emotional lability|Constipation,Riluzole|Baclofen|Alprazolam|Oxycodone|Sodium chlorite|Acetaminophen (Paracetamol)|Baking Soda|Benefiber|Bromazepam|Carbidopa-Levodopa
Cerebral Malformation,Anxious mood|Insomnia|Depressed mood|Pain|Fatigue,Acetaminophen (Paracetamol)|Cannabidiol|Meloxicam|Naproxen Prescription|Passionflower|Tramadol|Zolpidem|Zopiclone
Adrenal Fatigue,Insomnia|Fatigue|Depressed mood|Pain|Anxious mood,Tramadol|Adrenal Support|Gabapentin|Amphetamine-Dextroamphetamine|Melatonin|Pregabalin|Bupropion|Duloxetine|Ibuprofen|Naltrexone
Seasonal Allergy,Fatigue|Insomnia|Anxious mood|Depressed mood|Pain,Cetirizine|Loratadine|Tramadol|Amitriptyline|Montelukast|Duloxetine|Gabapentin|Clonazepam|Zolpidem|Desloratadine
MASS Phenotype,Anxious mood|Insomnia|Fatigue|Depressed mood|Pain,Creatine Monohydrate
Fabry's disease,Anxious mood|Insomnia|Fatigue|Depressed mood|Pain,Agalsidase beta|Implantable port venous access device|Quetiapine
Dissociative Identity Disorder,Insomnia|Depressed mood|Anxious mood|Fatigue|Pain,Individual Therapy|Clonazepam|Psychotherapy|Hydroxyzine|Lorazepam|Diazepam|Trazodone|Zolpidem|Aripiprazole|Codeine-acetaminophen (paracetamol)
POTS (Postural Orthostatic Tachycardia Syndrome),Fatigue|Insomnia|Pain|Depressed mood|Anxious mood,Fludrocortisone|Midodrine|Amitriptyline|Hydrocodone-Acetaminophen|Atenolol|Tramadol|Clonazepam|Gabapentin|Metoprolol|Propranolol
Complex post-traumatic stress disorder,Insomnia|Fatigue|Depressed mood|Anxious mood|Pain,Clonazepam|Lorazepam|Sertraline|Buspirone|Trazodone|Gabapentin|Quetiapine|Individual Therapy|Fluoxetine|Hydrocodone-Acetaminophen
Neurofibromatosis,Anxious mood|Insomnia|Fatigue|Depressed mood|Pain,Diazepam|Gabapentin|Oxycodone|Amitriptyline|Aripiprazole|Cabozantinib|Clorazepate|Codeine-acetaminophen (paracetamol)|CT Scan Head|Escitalopram
Herniated Disc,Fatigue|Back pain|Insomnia|Pain|Depressed mood|Anxious mood,Hydrocodone-Acetaminophen|Tramadol|Oxycodone-acetaminophen|Amitriptyline|Pregabalin|Gabapentin|Duloxetine|Clonazepam|Trazodone|Meloxicam
Limb Girdle Muscular Dystrophy Type 2I,Anxious mood|Insomnia|Fatigue|Depressed mood|Pain,No Treatment specified
Acquired Brain Injury,Anxious mood|Insomnia|Fatigue|Depressed mood|Pain,Alprazolam|Amphetamine-Dextroamphetamine|Bupropion|Diphenhydramine|Dosulepin|Ibuprofen|Lorazepam|Melatonin|Mirtazapine|Orthotics
Psoriatic Arthritis,Depressed mood|Fatigue|Anxious mood|Insomnia|Pain,Methotrexate|Etanercept|Adalimumab|Naproxen Prescription|Diclofenac|Ibuprofen|Sulfasalazine|Hydrocodone-Acetaminophen|Tramadol|Amitriptyline
Atrial Fibrillation,Insomnia|Pain|Depressed mood|Fatigue|Anxious mood,Aspirin|Metoprolol|Diltiazem|Warfarin|Amiodarone|Flecainide|Amitriptyline|Digoxin|Apixaban|Hydrocodone-Acetaminophen
Post Polio Syndrome,Anxious mood|Fatigue|Insomnia|Depressed mood|Pain,Duloxetine|Escitalopram|No treatments|Olanzapine
ADD (Attention Deficit Disorder),Insomnia|Fatigue|Depressed mood|Anxious mood|Pain,Amphetamine-Dextroamphetamine|Methylphenidate|Clonazepam|Bupropion|Duloxetine|Fluoxetine|Atomoxetine|Lisdexamfetamine|Individual Therapy|Trazodone
Cauda Equina Syndrome,Anxious mood|Insomnia|Depressed mood|Pain|Fatigue,Lorazepam|Massage Therapy|Meloxicam|Naltrexone|Oxycodone-acetaminophen|Pregabalin|Quetiapine|tapentadol|Trazodone
Cluster Headaches,Pain|Anxious mood|Insomnia|Fatigue|Depressed mood,Sumatriptan|Verapamil|Topiramate|Lithium Carbonate|Amitriptyline|Divalproex sodium|Melatonin|Oxygen Therapy|Cyclobenzaprine|Duloxetine
CRPS I (Complex regional pain syndrome type I),Anxious mood|Insomnia|Fatigue|Pain|Depressed mood,Physical Therapy|Neuromuscular Electrical Stimulation|Pregabalin|Gabapentin|Tramadol|Lidocaine topical|Amitriptyline|Duloxetine|Hydrocodone-Acetaminophen|Nortriptyline
Astrocytoma,Anxious mood|Insomnia|Depressed mood|Pain|Fatigue,Temozolomide|Radiation Therapy|Dexamethasone|Bevacizumab|Brain tumor removal / resection|Biopsy|Boswellia|Chemotherapy|Curcumin|Flaxseed Oil
Glioblastoma,Anxious mood|Insomnia|Fatigue|Depressed mood|Pain,Temozolomide|Brain tumor removal / resection|Radiation Therapy|Bevacizumab|Amitriptyline|Dexamethasone|Acetaminophen (Paracetamol)|Buspirone|Codeine|Craniotomy
Undifferentiated Inflammatory Arthritis,Insomnia|Fatigue|Depressed mood|Pain|Anxious mood,Gabapentin|Diclofenac|Tramadol|Meloxicam|Prednisone|Naproxen Prescription|Amitriptyline|Hydrocodone-Acetaminophen|Clonazepam|Duloxetine
Heart Murmur,Anxious mood|Insomnia|Fatigue|Pain|Depressed mood,Tramadol|Duloxetine|Sertraline|Cyclobenzaprine|Fluoxetine|Hydrocodone-Acetaminophen|Hydroxyzine|Melatonin|Trazodone|Acetaminophen (Paracetamol)
Chronic Headache Disorder,Anxious mood|Insomnia|Fatigue|Depressed mood|Pain,Amitriptyline|Clonazepam|Duloxetine|Diazepam|Fluoxetine|Gabapentin|Ibuprofen|Nortriptyline|Acetaminophen (Paracetamol)|Codeine-acetaminophen (paracetamol)
VATER/VACTERL Syndrome,Anxious mood|Insomnia|Fatigue|Depressed mood|Pain,No Treatment specified
Renal Cell Cancer,Anxious mood|Fatigue|Depressed mood|Insomnia|Pain,Nephrectomy|Radical nephrectomy|Pazopanib|Sutent|Axitinib|Quetiapine|Acupuncture|Adrenalectomy|Aripiprazole|Aromatherapy
Binge Eating Disorder,Insomnia|Depressed mood|Pain|Anxious mood|Fatigue,Lisdexamfetamine|Tramadol|Clonazepam|Hydrocodone-Acetaminophen|Individual Therapy|Lorazepam|Aripiprazole|Cognitive Behavioral Therapy (CBT)|Cyclobenzaprine|Duloxetine
Mitral Valve Prolapse,Anxious mood|Fatigue|Insomnia|Depressed mood|Pain,Aspirin|Amitriptyline|Duloxetine|Tramadol|Lorazepam|Sertraline|Clonazepam|Gabapentin|Meloxicam|Amphetamine-Dextroamphetamine
Eosinophilic Esophagitis,Insomnia|Fatigue|Anxious mood|Depressed mood|Pain,Fluticasone|Omeprazole|Zolpidem|Diphenhydramine|Duloxetine|Hydroxyzine|Lansoprazole|Tramadol|Alprazolam|Amitriptyline
Subacute Cutaneous Lupus Erythematosus,Anxious mood|Insomnia|Fatigue|Depressed mood|Pain,Hydroxychloroquine|Chloroquine|Tacrolimus topical|Tramadol-acetaminophen|Acupuncture|Aquatic Therapy Exercises|Azathioprine|Buspirone|Desvenlafaxine|Diazepam
Prediabetes,Fatigue|Pain|Anxious mood|Insomnia|Depressed mood,Metformin|Clonazepam|Amitriptyline|Hydrocodone-Acetaminophen|Escitalopram|Melatonin|Tramadol|Bupropion|Ibuprofen|Lorazepam
Congenital Adrenal Hyperplasia,Anxious mood|Insomnia|Fatigue|Depressed mood|Pain,Bupropion|Dexamethasone|Fludrocortisone|Meloxicam|Prednisolone|Psychotherapy|Trazodone
Pseudomonas Aeruginosa Infection,Anxious mood|Insomnia|Fatigue|Depressed mood|Pain,Colistin sulphate|Azithromycin|Ciprofloxacin|Codeine-acetaminophen (paracetamol)|Cortisone Injection|Diclofenac|Flucloxacillin|Promethazine|Sertraline|Tobramycin
Ehlers Danlos Syndrome,Fatigue|Pain|Insomnia|Depressed mood|Anxious mood,Tramadol|Gabapentin|Amitriptyline|Hydrocodone-Acetaminophen|Naproxen Prescription|Duloxetine|Pregabalin|Acetaminophen (Paracetamol)|Alprazolam|Diclofenac
Mitochondrial Disease,Anxious mood|Fatigue|Depressed mood|Pain|Insomnia,L-Carnitine|Alpha Lipoic Acid|Amitriptyline|Clonazepam|CoQ10 (CoEnzyme Q10)|Gabapentin|Hydrocodone-Acetaminophen|Naltrexone|Pregabalin|Ubiquinol
Ankylosing Spondylitis,Fatigue|Insomnia|Depressed mood|Pain|Anxious mood,Adalimumab|Etanercept|Diclofenac|Sulfasalazine|Celecoxib|Ibuprofen|Indomethacin|Infliximab|Meloxicam|Tramadol
Charcot Marie Tooth Disease,Anxious mood|Insomnia|Fatigue|Depressed mood|Pain,Physical Therapy|Amitriptyline|Codeine-acetaminophen (paracetamol)|Curcumin|Etoricoxib|Gabapentin|Gluten and dairy free diet|Individual Therapy|Lorazepam|Motorized scooter/chair
Lipoma(s),Anxious mood|Insomnia|Fatigue|Depressed mood|Pain,Duloxetine|Gabapentin|Lipoma excision|Tramadol|Acetaminophen (Paracetamol)|Amphetamine-Dextroamphetamine|Ibuprofen|Methylphenidate|Oxycodone-acetaminophen|Quetiapine
MCTD (Mixed Connective Tissue Disease),Fatigue|Pain|Insomnia|Anxious mood|Depressed mood,Hydroxychloroquine|Prednisone|Methotrexate|Folic Acid|Naproxen Prescription|Ibuprofen|Meloxicam|Tramadol|Pregabalin|Gabapentin
Rectal Cancer,Anxious mood|Insomnia|Fatigue|Depressed mood|Pain,Radiation Therapy|Nortriptyline|Abdominal perineal resection|Amantadine|Capecitabine|Chemotherapy|Citalopram|Colostomy|Fluoxetine|Lonsurf
Bronchiectasis,Insomnia|Fatigue|Pain|Anxious mood|Depressed mood,Albuterol|Tobramycin|Ipratropium|Acapella Device|Azithromycin|Hypertonic Saline|Amoxicillin|Amoxicillin-clavulanate|Cefaclor|Ciprofloxacin
Peripheral Neuropathy,Insomnia|Fatigue|Depressed mood|Pain|Anxious mood,Gabapentin|Amitriptyline|Tramadol|Lidocaine topical|Pregabalin|Duloxetine|Hydrocodone-Acetaminophen|Clonazepam|Cyclobenzaprine|Acetaminophen (Paracetamol)
Degenerative Disc Disease,Fatigue|Depressed mood|Pain|Insomnia|Anxious mood,Physical Therapy|Ibuprofen|Tramadol|Hydrocodone-Acetaminophen|Gabapentin|Duloxetine|Naproxen OTC|Amitriptyline|Pregabalin|Oxycodone-acetaminophen
Pituitary Deficiency,Anxious mood|Insomnia|Fatigue|Depressed mood|Pain,Human Growth Hormone|Hydrocortisone|Amitriptyline|Bioidentical hormones|Clomiphene|Clonazepam|Diazepam|Estradiol|Fentanyl Transdermal Patch|Gabapentin
SVT (Supraventricular Tachycardia),Insomnia|Fatigue|Pain|Depressed mood|Anxious mood,Metoprolol|Sertraline|Tramadol|Clonazepam|Codeine-acetaminophen (paracetamol)|Diltiazem|Doxepin|Duloxetine|Nortriptyline|Cardiac Ablation
Scoliosis,Insomnia|Fatigue|Depressed mood|Anxious mood|Pain,Physical Therapy|Tramadol|Hydrocodone-Acetaminophen|Duloxetine|Gabapentin|Pregabalin|Oxycodone-acetaminophen|Acetaminophen (Paracetamol)|Amitriptyline|Diclofenac
Tension Headache,Insomnia|Fatigue|Depressed mood|Anxious mood|Pain,Amitriptyline|Acetaminophen (Paracetamol)|Ibuprofen|Duloxetine|Tramadol|Gabapentin|Hydrocodone-Acetaminophen|Aspirin|Cyclobenzaprine|Melatonin
Inflammatory Bowel Disease,Anxious mood|Insomnia|Fatigue|Depressed mood|Pain,Amitriptyline|Gabapentin|Pregabalin|Mesalamine|Azathioprine|Clonazepam|Codeine-acetaminophen (paracetamol)|Diazepam|Duloxetine|Mirtazapine
Nephronophthisis,Anxious mood|Insomnia|Fatigue|Depressed mood|Pain,No Treatment specified
Obstructive Sleep Apnea,Fatigue|Pain|Anxious mood|Depressed mood|Insomnia,CPAP Continuous Positive Airway Pressure|Duloxetine|Gabapentin|Hydrocodone-Acetaminophen|Clonazepam|Tramadol|Amitriptyline|Alprazolam|Bupropion|Pregabalin
Multiple Myeloma,Dizziness|Nausea|Generalized weakness (asthenia)|Pain|Anxious mood|Fatigue|Constipation|Depressed mood|Insomnia|Bone Pain|Bruise easily|Decreased appetite,Stem Cell Transplant|Bortezomib-lenalidomide-dexamethasone (VRd)|Bortezomib-cyclophosphamide-dexamethasone (VCd or CyBorD)|Lenalidomide|Bortezomib-dexamethasone (Vd)|Thalidomide-dexamethasone (Td)|Lenalidomide-dexamethasone (Rd)|Bortezomib|Melphalan-prednisone-bortezomib (VMP or MPB)|Bortezomib-thalidomide-dexamethasone (VTd)
DVT (Deep Vein Thrombosis),Insomnia|Fatigue|Pain|Depressed mood|Anxious mood,Warfarin|Rivaroxaban|Compression Stockings/Socks|Enoxaparin|Tramadol|Duloxetine|Heparin|Alprazolam|Hydrocodone-Acetaminophen|Clonazepam
Fibromuscular Dysplasia,Anxious mood|Insomnia|Fatigue|Depressed mood|Pain,Aspirin|Rosuvastatin
HPV (Human papillomavirus),Anxious mood|Insomnia|Fatigue|Depressed mood|Pain,Gabapentin|Anal pap test|Aripiprazole|Carpal Tunnel Surgery|Cervical biopsy|Clonazepam|Codeine|Codeine-acetaminophen (paracetamol)|Cryotherapy|Cyclobenzaprine
Cerebral Autosomal Dominant Arteriopathy with Subcortical Infarcts and Leukoencephalopathy Syndrome,Anxious mood|Insomnia|Fatigue|Depressed mood|Pain,Amitriptyline|Cannabis|Escitalopram|Melatonin|Modafinil|Trazodone|Verapamil
Meniere's Disease,Insomnia|Depressed mood|Anxious mood|Fatigue|Pain,Prednisone|Diazepam|Tramadol|Zolpidem|Duloxetine|Fluoxetine|Gabapentin|Diclofenac|Escitalopram|Meclizine OTC
AIDS (Acquired Immune Deficiency Syndrome),Anxious mood|Insomnia|Fatigue|Depressed mood|Pain,Darunavir|Alprazolam|Clonazepam|Efavirenz-Emtricitabine-Tenofovir|Emtricitabine-Tenofovir|Etravirine|Hydromorphone|Lorazepam|Mirtazapine|Ritonavir
Pallister Killian Syndrome,Anxious mood|Insomnia|Fatigue|Depressed mood|Pain,No Treatment specified
Peripheral Nerve Hyperexcitablity,Anxious mood|Insomnia|Fatigue|Depressed mood|Pain,Duloxetine|Gabapentin|Alprazolam|Clonazepam|Mirtazapine|Propranolol|Trazodone|Wheelchair (manual)|Wheelchair (powered)
Pure Autonomic Failure,Anxious mood|Insomnia|Fatigue|Depressed mood|Pain,Armodafinil|Oxymorphone|Pregabalin
Kidney Transplant Rejection,Anxious mood|Insomnia|Fatigue|Depressed mood|Pain,Plasmapheresis|Alprazolam|Amphetamine-Dextroamphetamine|Duloxetine|Everolimus|Paroxetine|Quetiapine|Rituximab
Spina Bifida,Insomnia|Fatigue|Depressed mood|Anxious mood|Pain,Naproxen Prescription|Pregabalin|Amantadine|Aromatherapy|Biofeedback|Buprenorphine|Diazepam|Diclofenac|Duloxetine|Gabapentin
Bulimia Nervosa,Anxious mood|Fatigue|Depressed mood|Insomnia|Pain,Individual Therapy|Trazodone|Zolpidem|Clonazepam|Cognitive Behavioral Therapy (CBT)|Hydrocodone-Acetaminophen|Alprazolam|Fluoxetine|Gabapentin|Lorazepam
Squamous Cell Throat Cancer,Anxious mood|Insomnia|Fatigue|Depressed mood|Pain,Radiation Therapy|Cisplatin|Pregabalin
Myotonic dystrophy,Anxious mood|Insomnia|Fatigue|Depressed mood|Pain,Depo-Medrol|Diclofenac|Oxycodone-acetaminophen|Pregabalin
Ischemic Stroke,Anxious mood|Insomnia|Fatigue|Pain|Depressed mood,Aspirin|Warfarin|Bupropion|Cyclobenzaprine|Clonazepam|Alprazolam|Escitalopram|Hydrocodone-Acetaminophen|Hydromorphone|Lorazepam
Spinocerebellar Ataxia,Anxious mood|Fatigue|Insomnia|Depressed mood|Pain,Amitriptyline|Citalopram|Diphenhydramine|Duloxetine|Fluoxetine|Intravenous Immuno Globulin IVIg|Mirtazapine|Modafinil|No treatments
Biliary Atresia,Anxious mood|Insomnia|Fatigue|Depressed mood|Pain,No Treatment specified
Hereditary Spastic Paraplegia,Anxious mood|Insomnia|Fatigue|Depressed mood|Pain,Baclofen|Clonazepam|Diazepam|Physiotherapy|Pregabalin|Tizanidine|Tramadol|Amitriptyline|Citalopram|Codeine
CIDP (Chronic inflammatory demyelinating polyneuropathy),Insomnia|Fatigue|Pain|Anxious mood|Depressed mood,Intravenous Immuno Globulin IVIg|Prednisone|Pregabalin|Gabapentin|Mycophenolate mofetil|Tramadol|Duloxetine|Methylprednisolone|Amitriptyline|Hydrocodone-Acetaminophen
Hashimoto's Thyroiditis,Fatigue|Insomnia|Anxious mood|Depressed mood|Pain,Levothyroxine|Tramadol|Gabapentin|Zolpidem|Clonazepam|Duloxetine|Alprazolam|Trazodone|Amitriptyline|Diclofenac
Sjogren's Syndrome,Fatigue|Insomnia|Pain|Dry eyes|Dry mouth|Depressed mood|Anxious mood,Lubricant Eye Drops|Cyclosporine ophthalmic|Hydroxychloroquine|Tramadol|Pilocarpine|Hydrocodone-Acetaminophen|Duloxetine|Amitriptyline|Gabapentin|Cevimeline
Redundant Colon,Anxious mood|Insomnia|Fatigue|Depressed mood|Pain,Alprazolam|Buspirone|Coconut oil|Disability benefits|Hydrocodone-Acetaminophen|Hydroxyzine|Medicines and therapy|Pregabalin|Sertraline|Vitamin B Complex
Polyarticular onset juvenile arthritis,Insomnia|Fatigue|Depressed mood|Pain|Anxious mood,Methotrexate|Ibuprofen|Naproxen Prescription|Diclofenac|Meloxicam|Acetaminophen (Paracetamol)|Etanercept|Mirtazapine|Sertraline|Acetaminophen-caffeine
Undifferentiated Connective Tissue Disease,Anxious mood|Insomnia|Fatigue|Depressed mood|Pain,Hydroxychloroquine|Prednisone|Methotrexate|Naproxen OTC|Azathioprine|Tramadol|Meloxicam|Amitriptyline|Gabapentin|Acetaminophen (Paracetamol)
Benign Brain Tumor,Anxious mood|Fatigue|Depressed mood|Pain|Insomnia,Hydrotherapy (water therapy)|Massage Therapy|Modafinil|Nortriptyline|Octreotide|Oxycodone|Pets|Tramadol|Venlafaxine
Niemann-Pick Disease,Anxious mood|Insomnia|Fatigue|Depressed mood|Pain,Hydroxypropyl beta cyclodextrin (HPbCD)
Ring Chromosome 22 Syndrome,Anxious mood|Insomnia|Fatigue|Depressed mood|Pain,Duloxetine
CNS Lupus,Anxious mood|Insomnia|Fatigue|Depressed mood|Pain,Prednisone|Methotrexate|Hydrocodone-Acetaminophen|Mycophenolate mofetil|Azathioprine|Mirtazapine|Tramadol|amodiaquine|Buspirone|Citalopram
Early Onset Dementia,Insomnia|Fatigue|Depressed mood|Anxious mood|Pain,Memantine|Buspirone|Milnacipran|Tramadol
Addison's Disease,Anxious mood|Insomnia|Fatigue|Pain|Depressed mood,Hydrocortisone|Fludrocortisone|Oxycodone|Prednisone|Pregabalin|Gabapentin|Nortriptyline|Amphetamine-Dextroamphetamine|Aripiprazole|Citalopram
Demyelinating Disease of Central Nervous System,Insomnia|Fatigue|Depressed mood|Pain|Anxious mood,Amitriptyline|Physiotherapy|Pregabalin|5-Hydroxytryptophan (5-HTP)|Biotin|Cannabis|Cortisone Injection|Diazepam|Duloxetine|Escitalopram
Liddle's Syndrome,Anxious mood|Insomnia|Fatigue|Depressed mood|Pain,Amiloride|Oxycodone|Acetaminophen (Paracetamol)|Alprazolam|Amiloride-Hydrochlorothiazide|Massage Therapy|Prednisone|Triamterene|Zolpidem
Paranoid Schizophrenia,Anxious mood|Insomnia|Fatigue|Depressed mood|Pain,Olanzapine|Individual Therapy|Quetiapine|Aripiprazole|Risperidone|Sertraline|Venlafaxine|5-Hydroxytryptophan (5-HTP)|Acetaminophen (Paracetamol)|Codeine
Spinal Muscular Atrophy Type 2,Anxious mood|Insomnia|Fatigue|Depressed mood|Pain,Alprazolam|Clonazepam|exenatide|Hydrocodone
Allergic Rhinitis,Fatigue|Insomnia|Pain|Anxious mood|Depressed mood,Cetirizine|Loratadine|Azelastine|Montelukast|Fluticasone|Gabapentin|Duloxetine|Desloratadine|Tramadol|Amitriptyline
Alzheimer's Disease,Anxious mood|Insomnia|Fatigue|Pain|Depressed mood,Donepezil|Citalopram|Appendectomy|Clonazepam|Duloxetine|Oxycodone-acetaminophen|Prednisone|Rasagiline|Rivastigmine|Trazodone
Specific Antibody Deficiency,Anxious mood|Insomnia|Fatigue|Depressed mood|Pain,Subcutaneous immune globulin|Alprazolam|Celecoxib|Diclofenac|Duloxetine|Indomethacin|Intravenous Immuno Globulin IVIg|Meloxicam|Tramadol
Hemorrhagic Stroke,Anxious mood|Insomnia|Fatigue|Depressed mood|Pain,Amitriptyline|Brain surgery|Citalopram|Clonazepam|Codeine-acetaminophen (paracetamol)|Cortisone Injection|Escitalopram|Fluoxetine|Levetiracetam|Medical marijuana
CRPS II (Complex regional pain syndrome type II),Insomnia|Fatigue|Pain|Anxious mood|Depressed mood,Gabapentin|Pregabalin|Physical Therapy|Lidocaine topical|Amitriptyline|Tramadol|Neuromuscular Electrical Stimulation|Diclofenac|Duloxetine|Hydrocodone-Acetaminophen
Premature Ovarian Failure,Anxious mood|Insomnia|Fatigue|Depressed mood|Pain,Estradiol|Desvenlafaxine|Ethinyl estradiol-norethindrone|Lorazepam|Oxycodone-acetaminophen|Quetiapine|Sertraline
Burning Mouth Syndrome,Insomnia|Fatigue|Depressed mood|Pain|Anxious mood,Gabapentin|Alpha Lipoic Acid|Clonazepam|Amitriptyline|Hydrocodone-Acetaminophen|Mirtazapine|Oxycodone-acetaminophen|Aromatherapy|Chiropractic|Cilantro
Hypertriglyceridemia,Anxious mood|Insomnia|Fatigue|Depressed mood|Pain,Omega 3 Fatty Acids|Fenofibrate|Citalopram|Hydrocodone-Acetaminophen|Clonazepam|Tramadol|Alprazolam|Cyclobenzaprine|Gabapentin|Hydroxyzine
Gaucher's Disease,Insomnia|Fatigue|Depressed mood|Pain|Anxious mood,No Treatment specified
Hydrocephalus,Anxious mood|Fatigue|Depressed mood|Pain|Insomnia,Ventriculoperitoneal shunt (VP shunt)|Amitriptyline|Gabapentin|Pregabalin|Tramadol|Acetaminophen-caffeine|Acetazolamide|Alprazolam|CT Scan Head|Desvenlafaxine
Histrionic Personality Disorder,Anxious mood|Insomnia|Fatigue|Depressed mood|Pain,Escitalopram|Journal Writing|Meditation|Quetiapine
Arachnoiditis,Anxious mood|Insomnia|Depressed mood|Pain|Fatigue,Neuromuscular Electrical Stimulation|Physical Therapy|Cyclobenzaprine|Escitalopram|Gabapentin|Hydromorphone|Ibuprofen Prescription|Ketamine|Lidocaine|Medical marijuana
Below Elbow Amputation (right),Anxious mood|Insomnia|Fatigue|Depressed mood|Pain,No Treatment specified
Erythromelalgia,Fatigue|Insomnia|Burning Pain|Depressed mood|Redness of skin (erythema)|Anxious mood|Pain,Gabapentin|Aspirin|Pregabalin|Codeine-acetaminophen (paracetamol)|Hydroxychloroquine|Nortriptyline|Celecoxib|Cryotherapy|Diet and exercise|Doxylamine
Androgen Deficiency,Anxious mood|Insomnia|Fatigue|Depressed mood|Pain,Testosterone|Bupropion|Acupuncture|Amantadine|Buspirone|Carisoprodol|Clonazepam|Codeine-acetaminophen (paracetamol)|Dehydroepiandrosterone DHEA|Hydrocodone-Acetaminophen
Celiac Disease,Fatigue|Insomnia|Depressed mood|Pain|Anxious mood,Gluten Free Diet|Tramadol|Clonazepam|Amitriptyline|Diazepam|Hydrocodone-Acetaminophen|Mirtazapine|Naproxen Prescription|Diclofenac|Duloxetine
Tinea Versicolor,Anxious mood|Fatigue|Depressed mood|Pain|Insomnia,Alprazolam|Amphetamine-Dextroamphetamine|Aripiprazole|Buspirone|Ciclopirox topical|Diphenhydramine|Escitalopram|Fluconazole|Fluoxetine|Hydrocodone-Acetaminophen
Antiphospholipid Antibody Syndrome,Insomnia|Fatigue|Pain|Anxious mood|Depressed mood,Warfarin|Aspirin|Enoxaparin|Hydroxychloroquine|Tramadol|Amitriptyline|Mirtazapine|Oxycodone|Pregabalin|Cannabis
Left Ventricular Systolic Dysfunction,Anxious mood|Insomnia|Fatigue|Depressed mood|Pain,Ibuprofen|Lorazepam
Morphea,Anxious mood|Insomnia|Fatigue|Depressed mood|Pain,Acupuncture|Amitriptyline|Chiropractic|Gabapentin|Nabilone|Neuromuscular Electrical Stimulation|Prednisone|Pregabalin|Quetiapine|tapentadol
Tricuspid Valve Regurgitation,Anxious mood|Insomnia|Fatigue|Depressed mood|Pain,Alprazolam|Ibuprofen|Melatonin|Acetaminophen (Paracetamol)|Amitriptyline|Aspirin|Cyclobenzaprine|Duloxetine|Fluoxetine|Hydrocodone
Familial Mediterranean Fever,Anxious mood|Insomnia|Fatigue|Depressed mood|Pain,Colchicine|Alprazolam|Armodafinil|Citalopram|Diazepam|Fentanyl Transdermal Patch|Furosemide|Gabapentin|Hydromorphone|Meloxicam
Tarlov Cyst,Fatigue|Pain|Anxious mood|Insomnia|Depressed mood,"Amitriptyline|Armodafinil|Cannabis|Carpal Tunnel Surgery|Clonazepam|Codeine-acetaminophen (paracetamol)|Diclofenac|Duloxetine|Exercise, stretch and swim in warm pool|Gabapentin"
Narcolepsy,Fatigue|Insomnia|Pain|Anxious mood|Depressed mood,Modafinil|Methylphenidate|Amphetamine-Dextroamphetamine|Armodafinil|Dextroamphetamine|Clonazepam|Hydrocodone-Acetaminophen|Tramadol|Alprazolam|Amitriptyline
Pelvic Floor Dyssynergia,Insomnia|Fatigue|Pain|Anxious mood|Constipation|Depressed mood,Physical Therapy|Biofeedback|Buspirone|Cannabis|Clonazepam|Disability benefits|Gabapentin|Heat therapy|Hydrocodone-Acetaminophen|Nortriptyline
Myasthenia Gravis,Double vision (diplopia)|Slurred speech|Pain|Insomnia|Fatigue|Swallowing difficulty (dysphagia)|Weakness in neck (head drop)|Drooping eyelid (ptosis)|Depressed mood|Anxious mood,Pyridostigmine|Prednisone|Intravenous Immuno Globulin IVIg|Azathioprine|Mycophenolate mofetil|Plasmapheresis|Mestinon Timespan|Hydrocodone-Acetaminophen|Rituximab|Alprazolam
Cyclothymia,Anxious mood|Fatigue|Depressed mood|Insomnia|Pain,Sertraline|Lamotrigine|Lithium Carbonate|Lorazepam|Alprazolam|Aripiprazole|Diphenhydramine|Individual Therapy|Oxcarbazepine|Trazodone
Schizotypal Personality Disorder,Anxious mood|Fatigue|Depressed mood|Insomnia|Pain,Clonazepam|Aripiprazole|Sertraline|Alprazolam|Bupropion|Escitalopram|Gabapentin|Hydroxyzine|Nitrazepam|Quetiapine
Gout,Insomnia|Fatigue|Pain|Anxious mood|Depressed mood,Allopurinol|Ibuprofen|Indomethacin|Tramadol|Clonazepam|Diclofenac|Gabapentin|Naproxen Prescription|Acetaminophen (Paracetamol)|Bupropion
Trigeminal Neuralgia,Pain|Fatigue|Insomnia|Depressed mood|Anxious mood,Carbamazepine|Baclofen|Pregabalin|Duloxetine|Gabapentin|Amitriptyline|Amphetamine-Dextroamphetamine|Hydrocodone-Acetaminophen|Oxcarbazepine|Oxycodone
Gallstones,Insomnia|Fatigue|Pain|Depressed mood|Anxious mood,Gallbladder removal (cholecystectomy)|Laparoscopic gallbladder removal|Gabapentin|Tramadol|Amitriptyline|Clonazepam|Pregabalin|Duloxetine|Oxycodone-acetaminophen|Hydrocodone-Acetaminophen
Tuberous sclerosis,Anxious mood|Insomnia|Fatigue|Depressed mood|Pain,Amitriptyline|Diclofenac|Levetiracetam
Primary Biliary Cirrhosis,Anxious mood|Insomnia|Fatigue|Depressed mood|Pain,Ursodiol|Clonazepam|Amitriptyline|Bupropion|Buspirone|Diclofenac|Doxepin|Loratadine|Methylphenidate|Mucuna Pruriens
Longitudinal Deficiency Lower Limb (left),Anxious mood|Insomnia|Fatigue|Depressed mood|Pain,No Treatment specified
Cryoglobulinemia,Insomnia|Fatigue|Depressed mood|Pain|Anxious mood,Aspirin|Avoid Cold Temperatures|Diazepam|Hydromorphone|Plasmapheresis|Rivaroxaban|Tramadol
CREST Syndrome,Anxious mood|Insomnia|Fatigue|Depressed mood|Pain,Acupuncture
Hypermobility Syndrome,Fatigue|Insomnia|Depressed mood|Anxious mood|Pain,Amitriptyline|Tramadol|Pregabalin|Cyclobenzaprine|Duloxetine|Diclofenac|Gabapentin|Naproxen Prescription|Hydrocodone-Acetaminophen|5-Hydroxytryptophan (5-HTP)
Gastritis,Insomnia|Fatigue|Pain|Depressed mood|Anxious mood,Esomeprazole|Pantoprazole|Amitriptyline|Ranitidine|Hydrocodone-Acetaminophen|Duloxetine|Gabapentin|Tramadol|Omeprazole|Meloxicam
Marfan Syndrome,Anxious mood|Insomnia|Fatigue|Depressed mood|Pain,Hydrocodone-Acetaminophen|Metoprolol|Acetaminophen (Paracetamol)|Alprazolam|Amitriptyline|Atenolol|Azathioprine|Diphenhydramine|Fluoxetine|Ketorolac
Dry Eye Syndrome,Depressed mood|Insomnia|Fatigue|Pain|Anxious mood,Lubricant Eye Drops|Cyclosporine ophthalmic|Amitriptyline|Gabapentin|Acetaminophen (Paracetamol)|Diclofenac|Hydrocodone-Acetaminophen|Pregabalin|Tramadol|Clonazepam
Nail Fungus,Insomnia|Fatigue|Depressed mood|Pain|Anxious mood,Terbinafine|Ciclopirox topical|Duloxetine|Efinaconazole|Pregabalin|Alprazolam|Codeine-acetaminophen (paracetamol)|Fluconazole|Ice or Cold Packs|Meloxicam
Post Concussion Syndrome,Insomnia|Depressed mood|Anxious mood|Fatigue|Pain,Tramadol|Pregabalin|Amitriptyline|Gabapentin|Duloxetine|Naproxen Prescription|Sertraline|Zolpidem|Bupropion|Clonazepam
Dravet's syndrome,Anxious mood|Insomnia|Fatigue|Depressed mood|Pain,Clonazepam|Felbamate|Levetiracetam|Potassium bromide
Skull Fracture,Anxious mood|Insomnia|Fatigue|Depressed mood|Pain,Alprazolam|Amitriptyline|Citalopram|Diazepam|Duloxetine|Gabapentin|Hydrocodone-Acetaminophen|Oxycodone-acetaminophen|Paroxetine|Pregabalin
Scleroderma,Anxious mood|Insomnia|Fatigue|Depressed mood|Pain,Mycophenolate mofetil|Methotrexate|Hydroxychloroquine|Prednisone|Tramadol|Citalopram|Cyclobenzaprine|Cyclophosphamide|Gabapentin|Hydrocodone-Acetaminophen
Retinitis Pigmentosa,Anxious mood|Insomnia|Fatigue|Depressed mood|Pain,No Treatment specified
Pituitary Adenoma,Anxious mood|Insomnia|Fatigue|Depressed mood|Pain,Gabapentin|Sertraline|Amitriptyline|Buspirone|Hydrocortisone|Oxycodone-acetaminophen|Pregabalin|Trazodone|5-Hydroxytryptophan (5-HTP)|Acetaminophen (Paracetamol)
Myelomalacia,Anxious mood|Insomnia|Fatigue|Pain|Depressed mood,Gabapentin|Morphine|Oxycodone|Oxycodone ER|Tramadol
Patellofemoral Pain Syndrome,Insomnia|Depressed mood|Anxious mood|Fatigue|Pain,Ibuprofen|Exercise|Ice or Cold Packs|Trazodone|Amitriptyline|Hydrocodone-Acetaminophen|Naproxen OTC|Pregabalin|Acetaminophen (Paracetamol)|Clonazepam
Transposition of the Great Arteries,Anxious mood|Insomnia|Fatigue|Depressed mood|Pain,No Treatment specified
Familial Amyloidosis,Insomnia|Fatigue|Depressed mood|Pain|Anxious mood,No Treatment specified
Slipped Capital Femoral Epiphysis,Anxious mood|Insomnia|Fatigue|Depressed mood|Pain,Escitalopram|Vitamin B12 Injection
Goods Syndrome,Anxious mood|Insomnia|Fatigue|Pain|Depressed mood,No Treatment specified
Factor XI Deficiency,Insomnia|Fatigue|Depressed mood|Pain|Anxious mood,No Treatment specified
Sciatic Neuralgia,Pain|Insomnia|Fatigue|Anxious mood|Depressed mood,Gabapentin|Acetaminophen (Paracetamol)|Cyclobenzaprine|Pregabalin|Duloxetine|Amitriptyline|Clonazepam|Trazodone|Tramadol|Diclofenac
Hypereosinophilic Syndrome,Anxious mood|Insomnia|Fatigue|Depressed mood|Pain,Clonazepam|Imatinib|Prednisone
Atypical Migraine,Fatigue|Depressed mood|Anxious mood|Insomnia|Pain,Sumatriptan|Tramadol|Naproxen Prescription|Amitriptyline|Gabapentin|Ibuprofen|Acupuncture|Diclofenac|Rizatriptan|Temazepam
RADS (Reactive airways dysfunction syndrome),Anxious mood|Insomnia|Fatigue|Pain|Depressed mood,Albuterol|Amitriptyline|Gabapentin|Meloxicam|Acetaminophen (Paracetamol)|Alprazolam|Azelastine|Budesonide|Budesonide-Formoterol|Buspirone
Spinal Cord Tumor,Anxious mood|Insomnia|Fatigue|Depressed mood|Pain,Amphetamine-Dextroamphetamine|Clomipramine|Dexamethasone|Diphenhydramine|Ibuprofen|Lorazepam|Melatonin|Mirtazapine|Orthotics|Oxycodone
Reactive Arthritis,Insomnia|Fatigue|Depressed mood|Pain|Anxious mood,Naproxen Prescription|Wheelchair (powered)|Abatacept|Alprazolam|Amitriptyline|Clonazepam|Codeine-acetaminophen (paracetamol)|Diazepam|Diclofenac|Dihydrocodeine
Oral Herpes,Anxious mood|Insomnia|Fatigue|Cold sores (fever blisters)|Depressed mood|Pain,Valacyclovir|Acyclovir|Duloxetine|Tramadol|5-Hydroxytryptophan (5-HTP)|Amphetamine-Dextroamphetamine|Chlorzoxazone|Cyclobenzaprine|Famciclovir|Fluoxetine
Cyclical Neutropenia,Anxious mood|Insomnia|Fatigue|Depressed mood|Pain,Filgrastim
Dermatomyositis,Insomnia|Fatigue|Depressed mood|Pain|Anxious mood,Prednisone|Diazepam|Hydroxychloroquine|Intravenous Immuno Globulin IVIg|Methotrexate|Trazodone|Citalopram|Clonazepam|Doxylamine|Duloxetine
Polymyositis,Anxious mood|Insomnia|Fatigue|Depressed mood|Pain,Prednisone|Methotrexate|Intravenous Immuno Globulin IVIg|Oxycodone-acetaminophen|Tramadol|5-Hydroxytryptophan (5-HTP)|Acetaminophen (Paracetamol)|Aripiprazole|Azathioprine|Clonazepam
Neurogenic Bowel Disorder,Fatigue|Pain|Anxious mood|Insomnia|Depressed mood,Modafinil|Anal Irrigation|Armodafinil|Bisacodyl|Clonazepam|Codeine-acetaminophen (paracetamol)|Colostomy|Docusate|Doxepin|Duloxetine
Alport Syndrome,Anxious mood|Insomnia|Fatigue|Depressed mood|Pain,No Treatment specified
Complex Confusional Migraine,Anxious mood|Insomnia|Fatigue|Pain|Depressed mood,Hydrocodone-Acetaminophen|Acupuncture|Chiropractic|Fluoxetine|Oxycodone-acetaminophen|Alprazolam|Amitriptyline|Aripiprazole|Duloxetine|Gabapentin
Essential Thrombocythemia,Anxious mood|Insomnia|Fatigue|Depressed mood|Pain,Aspirin|Hydroxyurea|Interferon alfa-2b|Anagrelide|Acetaminophen (Paracetamol)|Amitriptyline|Diazepam|Duloxetine|Grape Seed Extract|Morphine
Primary Sclerosing Cholangitis,Insomnia|Fatigue|Depressed mood|Pain|Anxious mood,Cannabis|Lorazepam|Vancomycin|Advanced B-12 Complex|Amitriptyline|Aripiprazole|Biliary stent|Bupropion|Clonazepam|Endoscopic retrograde cholangiopancreatography (ERCP)
Systemic Onset Juvenile Arthritis,Anxious mood|Insomnia|Fatigue|Depressed mood|Pain,Etanercept|Methotrexate|Naproxen Prescription|Celecoxib|Cortisone Injection|Diclofenac|Prednisone|Pregabalin|Acetaminophen-Diphenhydramine|Amitriptyline
Non-Celiac Gluten Intolerance,Insomnia|Fatigue|Anxious mood|Depressed mood|Pain,Gluten Free Diet|Amitriptyline|Cyclobenzaprine|Gabapentin|Citalopram|Fluoxetine|Hydrocodone-Acetaminophen|Pregabalin|Acupuncture|Aripiprazole
Granular Cell Tumor,Anxious mood|Insomnia|Fatigue|Depressed mood|Pain,Tumor removal / resection
Congenital Melanocytic Nevus,Anxious mood|Insomnia|Fatigue|Depressed mood|Pain,Acetaminophen (Paracetamol)|Aspirin|Biotin|Brewers Yeast|Diclofenac|Duloxetine|Ibuprofen|Morphine|Multivitamins|tapentadol
SCID (Severe Combined Immunodeficiency Disease),Anxious mood|Insomnia|Fatigue|Depressed mood|Pain,No Treatment specified
Autoimmune Disease Undefined,Anxious mood|Insomnia|Fatigue|Depressed mood|Pain,Tramadol|Alprazolam|Hydrocodone-Acetaminophen|Amitriptyline|Clonazepam|Diazepam|Hydroxychloroquine|Trazodone|Armodafinil|Cyclobenzaprine
Hemorrhoids,Fatigue|Anxious mood|Insomnia|Depressed mood|Pain,Amitriptyline|Clonazepam|Docusate|Acetaminophen (Paracetamol)|Hydrocortisone suppositories|Hydrocortisone topical|Trazodone|Buspirone|Diazepam|Duloxetine
Dercum's Disease,Anxious mood|Insomnia|Fatigue|Depressed mood|Pain,Amphetamine-Dextroamphetamine|Gabapentin|Hydrocodone-Acetaminophen|Pregabalin|Tramadol|Lorazepam|Methylphenidate|Naltrexone|Oxycodone-acetaminophen|Sertraline
Dengue,Anxious mood|Fatigue|Depressed mood|Pain|Insomnia,Hydrotherapy (water therapy)|Smoking Cessation Therapy|Walking
Friedreich's Ataxia,Anxious mood|Insomnia|Fatigue|Depressed mood|Pain,Sertraline
Chiari Malformation,Anxious mood|Fatigue|Depressed mood|Pain|Insomnia,Hydrocodone-Acetaminophen|Clonazepam|Duloxetine|Oxycodone-acetaminophen|Posterior Fossa Decompression|Tramadol|Amitriptyline|Gabapentin|Melatonin|Nortriptyline
GERD (Gastroesophageal reflux disease),Fatigue|Insomnia|Acid reflux|Pain|Heartburn|Depressed mood|Anxious mood,Omeprazole|Pantoprazole|Amitriptyline|Esomeprazole|Tramadol|Duloxetine|Ranitidine|Gabapentin|Ranitidine Prescription|Hydrocodone-Acetaminophen
Lung Metastasis,Anxious mood|Insomnia|Fatigue|Depressed mood|Pain,Radiation Therapy|Sutent|Aripiprazole|Bronchoscopy|Fentanyl Transdermal Patch|Gabapentin|Lung lobectomy|PET Scan (positron emission tomography)|Pneumonectomy|Sertraline
Acanthamoeba Keratitis,Anxious mood|Insomnia|Fatigue|Depressed mood|Pain,Chlorhexidine gluconate 0.02% solution|Hexamidine solution|Ibuprofen|Polyhexanide solution|Propamidine Isetionate
Fungal Meningitis,Anxious mood|Insomnia|Fatigue|Depressed mood|Pain,Fluconazole|Bupropion|Hydrocodone-Acetaminophen|Oxycodone|Tramadol|Trazodone
Heart Attack,Insomnia|Fatigue|Pain|Depressed mood|Anxious mood,Aspirin|Clopidogrel|Nitroglycerin|Atorvastatin|Lorazepam|Clonazepam|Duloxetine|Gabapentin|Acetaminophen (Paracetamol)|Amitriptyline
Hyperlipidemia,Insomnia|Pain|Fatigue|Anxious mood|Depressed mood,Atorvastatin|Simvastatin|Pravastatin|Rosuvastatin|Tramadol|Trazodone|Buspirone|Duloxetine|Hydrocodone-Acetaminophen|Clonazepam
Tinnitus,Fatigue|Insomnia|Pain|Anxious mood|Depressed mood,Clonazepam|Amitriptyline|Gabapentin|Zolpidem|Acetaminophen (Paracetamol)|Bupropion|Escitalopram|Hydrocodone-Acetaminophen|Ibuprofen|Lorazepam
Sensorineural Hearing Loss,Anxious mood|Insomnia|Fatigue|Depressed mood|Pain,Duloxetine|Gabapentin|Alprazolam|Buprenorphine|Bupropion|Clonazepam|Diazepam|Escitalopram|Etodolac|Lidocaine patch
Genital Herpes,Insomnia|Fatigue|Depressed mood|Pain|Herpes outbreak|Anxious mood,Acyclovir|Valacyclovir|Clonazepam|Alprazolam|Gabapentin|Amitriptyline|Cyclobenzaprine|Duloxetine|Famciclovir|Hydrocodone-Acetaminophen
Hypocomplementemic Urticarial Vasculitis Syndrome,Insomnia|Fatigue|Depressed mood|Pain|Anxious mood,Hydroxychloroquine|Azathioprine|Duloxetine|Lorazepam|Methadone|Methotrexate|Mybulen|Prednisone
Interstitial Lung Disease,Insomnia|Fatigue|Depressed mood|Pain|Anxious mood,Oxygen Therapy|Prednisone|Pulmonary Rehabilitation|Lung Biopsy|Azathioprine|Hydroxychloroquine|Cyclophosphamide|Duloxetine|Meloxicam|Mycophenolate mofetil
Inclusion Body Myositis,Anxious mood|Insomnia|Fatigue|Depressed mood|Pain,Escitalopram|Nortriptyline|Prednisone|Vitamin B12 (methylcobalamin)
West Nile Virus,Anxious mood|Insomnia|Fatigue|Depressed mood|Pain,Escitalopram|Paroxetine|tapentadol
Bronchitis,Insomnia|Fatigue|Anxious mood|Pain|Depressed mood,Azithromycin|Albuterol|Tramadol|Amitriptyline|Clonazepam|Dextromethorphan|Duloxetine|Hydrocodone-Acetaminophen|Alprazolam|Lorazepam
Herpes Simplex Virus,Anxious mood|Insomnia|Depressed mood|Pain|Fatigue,Valacyclovir|Acyclovir|Clonazepam|Alprazolam|Amitriptyline|Fluoxetine|Hydrocodone-Acetaminophen|Oxycodone|Zolpidem|Acetaminophen (Paracetamol)
Klinefelter syndrome,Anxious mood|Insomnia|Fatigue|Depressed mood|Pain,Testosterone|Amitriptyline|Diphenhydramine|Duloxetine|Hydrocodone-Acetaminophen|Ketorolac|MRI (magnetic resonance imaging)|Quetiapine
Diabetes Mellitus,Anxious mood|Insomnia|Fatigue|Depressed mood|Excessive thirst (polydipsia)|Pain|Blurry vision|Frequent urination,Metformin|Glimepiride|insulin detemir|Insulin Regular|Tramadol|Alprazolam|Buspirone|Citalopram|Clonazepam|Codeine-acetaminophen (paracetamol)
Keratitis,Anxious mood|Insomnia|Fatigue|Depressed mood|Pain,Depo-Medrol|moxifloxacin|Pregabalin|Systane Eye Drops
Lewy Body Disease,Anxious mood|Insomnia|Fatigue|Depressed mood|Pain,Donepezil|Clonazepam|Lorazepam|Rivastigmine|Acupuncture|Alprazolam|Carbidopa-Levodopa|CoQ10 (CoEnzyme Q10)|Gabapentin|Iron supplement
Malignant Thymoma,Anxious mood|Insomnia|Fatigue|Depressed mood|Pain,No Treatment specified
Hidradenitis Suppurativa,Anxious mood|Insomnia|Fatigue|Depressed mood|Pain,Minocycline|Clindamycin|Clindamycin topical|Clonazepam|Duloxetine|Ibuprofen|Lorazepam|Pregabalin|Tetracycline|Tramadol
Dystonia,Fatigue|Pain|Insomnia|Depressed mood|Anxious mood,Physical Therapy|Botulinum Toxin Type A|Carbidopa-Levodopa|Clonazepam|Baclofen|Gabapentin|Diazepam|Amitriptyline|Cannabis|Cyclobenzaprine
Psychogenic Non-epileptic Seizures,Fatigue|Pain|Anxious mood|Insomnia|Depressed mood,Lorazepam|Diazepam|Clonazepam|Gabapentin|Hydrocodone-Acetaminophen|Sertraline|Citalopram|Meloxicam|Mirtazapine|Nortriptyline
Anoxic Brain Injury,Anxious mood|Insomnia|Fatigue|Depressed mood|Pain,Clonazepam|Bupropion|Fluoxetine|Triazolam
Hepatitis B,Insomnia|Fatigue|Depressed mood|Pain|Anxious mood,Tenofovir|Peginterferon alfa 2a|Entecavir|Duloxetine|Sertraline|Adefovir|Alkaline Water|Cannabis|Codeine-acetaminophen (paracetamol)|Gabapentin
Retina Detachment,Anxious mood|Insomnia|Fatigue|Depressed mood|Pain,Lorazepam|Amitriptyline|Baclofen|Butalbital-acetaminophen-caffeine|Chiropractic|Cyclobenzaprine|Dehydroepiandrosterone DHEA|Duloxetine|Gabapentin|Hydroxyzine
Seasonal Affective Disorder,Insomnia|Fatigue|Anxious mood|Depressed mood|Pain,Clonazepam|Duloxetine|Light Therapy (Phototherapy)|Trazodone|Vitamin D|Fluoxetine|Hydroxyzine|Bupropion|Gabapentin|Lorazepam
Intellectual Disability,Anxious mood|Insomnia|Fatigue|Depressed mood|Pain,Alprazolam|Amitriptyline|Diazepam|Duloxetine|Hydrocodone|Hydroxyzine|Myolastan|Naproxen OTC|Naproxen Prescription|Pregabalin
Male Pattern Baldness,Anxious mood|Insomnia|Fatigue|Depressed mood|Pain,Finasteride|Acetaminophen (Paracetamol)|Alprazolam|Cold Laser Therapy|Desvenlafaxine|Diphenhydramine|Dormonoct|Duloxetine|Escitalopram|Etifoxine
Diabetic Ketoacidosis (DKA),Anxious mood|Fatigue|Insomnia|Depressed mood|Pain,Clonazepam|Tramadol|Amitriptyline|Citalopram|Gabapentin|Ibuprofen|Melatonin|Acetaminophen (Paracetamol)|Aripiprazole|Buprenorphine
Food allergy,Insomnia|Fatigue|Anxious mood|Pain|Depressed mood,Diet modification|Gabapentin|Diphenhydramine|Clonazepam|Tramadol|Amitriptyline|Naproxen Prescription|Epinephrine|Cyclobenzaprine|Duloxetine
Transient Osteoporosis of Hip,Anxious mood|Insomnia|Fatigue|Depressed mood|Pain,Alendronate|Electro Therapeutic Point Stimulation (ETPS)|Meloxicam|Oxycodone-acetaminophen|Oxycodone ER|Tramadol
Chronic Rejection of Lung Transplant,Anxious mood|Insomnia|Fatigue|Depressed mood|Pain,Azithromycin|Bronchoscopy|Fluticasone-Salmeterol
Sleep Apnea Disorder,Fatigue|Insomnia|Pain|Depressed mood|Anxious mood,CPAP Continuous Positive Airway Pressure|Clonazepam|Gabapentin|Pregabalin|Tramadol|Duloxetine|Hydrocodone-Acetaminophen|Amitriptyline|Trazodone|Lorazepam
CVID (Common Variable Immunodeficiency Disorder),Anxious mood|Insomnia|Fatigue|Pain|Depressed mood,Intravenous Immuno Globulin IVIg|Subcutaneous immune globulin|Quetiapine|Acetyl L-Carnitine plus Alpha Lipoic Acid|Amphetamine-Dextroamphetamine|Diclofenac|Diphenhydramine|Hydrocodone-Acetaminophen|Lidocaine patch|Metoprolol
Lateral Epicondylitis of Elbow,Anxious mood|Insomnia|Fatigue|Depressed mood|Pain,Duloxetine|Hydrocodone-Acetaminophen|Acupuncture|Ibuprofen|Meloxicam|Neuromuscular Electrical Stimulation|Physical Therapy|Pregabalin|5-Hydroxytryptophan (5-HTP)|Carpel Tunnel Wrist Braces
Multiple Endocrine Neoplasia,Anxious mood|Insomnia|Fatigue|Depressed mood|Pain,No Treatment specified
Insomnia,Fatigue|Difficulty falling asleep|Insomnia|Unrefreshing or poor sleep|Difficulty sleeping through night|Pain|Depressed mood|Early morning wakefulness|Anxious mood,Zolpidem|Trazodone|Clonazepam|Amitriptyline|Melatonin|Lorazepam|Tramadol|Gabapentin|Duloxetine|Sertraline
Delayed Sleep Phase Syndrome,Insomnia|Fatigue|Depressed mood|Anxious mood|Pain,Melatonin|Amitriptyline|Circadin|Dextroamphetamine|Duloxetine|Modafinil|Trazodone|Clonazepam|Cyclobenzaprine|Fluoxetine
Thoracic Level Paraplegia,Anxious mood|Insomnia|Fatigue|Depressed mood|Pain,Pregabalin|Codeine-acetaminophen (paracetamol)|Physical Therapy
Cerebrospinal Fluid Leak,Anxious mood|Fatigue|Depressed mood|Pain|Insomnia,Hydrocodone-Acetaminophen|Lamotrigine|Lidocaine|Sertraline|Tramadol|Vitamin D3 (cholecalciferol)
Facet Joint Osteoarthritis,Fatigue|Anxious mood|Depressed mood|Pain|Insomnia,Physical Therapy|Hydrocodone-Acetaminophen|Ibuprofen|Tramadol|Acetaminophen (Paracetamol)|Amitriptyline|Gabapentin|Naproxen OTC|Oxycodone|Zolpidem
